<?xml version="1.0"?>
<appManifest xmlns="http://schemas.apprenda.com/DeploymentManifest">
  <features />
  <executionSecurables />
  <entitlementDefinitions />
  <presentation pipelineMode="Integrated" throttlingPolicy="Small" requires32Bit="false" minimumInstanceCount="0" maximumInstanceCount="0">
    <siteOptions />
    <customProperties />
    <publicScalingSchedule />
    <scalingSchedule />
  </presentation>
  <persistence dbms="" providerContextEnabled="false">
    <provisioning>
      <application />
      <tenant />
    </provisioning>
    <tableOptions />
    <customProperties />
  </persistence>
  <services>
    <service name="TimeCard.Service" throttlingPolicy="Small" id="00000000-0000-0000-0000-000000000000" requires32Bit="false" minimumInstanceCount="0" maximumInstanceCount="0">
      <scalingSchedule />
      <customProperties />
      <environmentVariables>
        <variable name="JAVA_OPTS" value="C:\code" />
      </environmentVariables>
    </service>
  </services>
  <wars />
  <windowsServices />
  <applicationServices level="None" />
  <paymentOptions />
  <persistencePatches />
  <customProperties />
</appManifest>